sequence_id,start,end,length
148,2026-08-17 22:00:00+00:00,2026-08-18 04:00:00+00:00,4
149,2026-08-18 05:00:00+00:00,2026-08-18 09:00:00+00:00,3
122,2026-08-13 04:00:00+00:00,2026-08-13 08:00:00+00:00,3
116,2026-08-12 02:00:00+00:00,2026-08-12 06:00:00+00:00,3
65,2026-08-03 21:00:00+00:00,2026-08-04 01:00:00+00:00,3
117,2026-08-12 07:00:00+00:00,2026-08-12 11:00:00+00:00,3
62,2026-08-03 10:00:00+00:00,2026-08-03 14:00:00+00:00,3
119,2026-08-12 15:00:00+00:00,2026-08-12 19:00:00+00:00,3
60,2026-08-03 02:00:00+00:00,2026-08-03 06:00:00+00:00,3
120,2026-08-12 20:00:00+00:00,2026-08-13 00:00:00+00:00,3
57,2026-08-02 15:00:00+00:00,2026-08-02 19:00:00+00:00,3
55,2026-08-02 07:00:00+00:00,2026-08-02 11:00:00+00:00,3
115,2026-08-11 21:00:00+00:00,2026-08-12 01:00:00+00:00,3
123,2026-08-13 09:00:00+00:00,2026-08-13 13:00:00+00:00,3
52,2026-08-01 20:00:00+00:00,2026-08-02 00:00:00+00:00,3
125,2026-08-13 17:00:00+00:00,2026-08-13 21:00:00+00:00,3
50,2026-08-01 12:00:00+00:00,2026-08-01 16:00:00+00:00,3
98,2026-08-09 02:00:00+00:00,2026-08-09 06:00:00+00:00,3
47,2026-08-01 01:00:00+00:00,2026-08-01 05:00:00+00:00,3
128,2026-08-14 06:00:00+00:00,2026-08-14 10:00:00+00:00,3
67,2026-08-04 05:00:00+00:00,2026-08-04 09:00:00+00:00,3
69,2026-08-04 13:00:00+00:00,2026-08-04 17:00:00+00:00,3
130,2026-08-14 14:00:00+00:00,2026-08-14 18:00:00+00:00,3
113,2026-08-11 13:00:00+00:00,2026-08-11 17:00:00+00:00,3
95,2026-08-08 15:00:00+00:00,2026-08-08 19:00:00+00:00,3
100,2026-08-09 10:00:00+00:00,2026-08-09 14:00:00+00:00,3
92,2026-08-08 04:00:00+00:00,2026-08-08 08:00:00+00:00,3
90,2026-08-07 20:00:00+00:00,2026-08-08 00:00:00+00:00,3
103,2026-08-09 21:00:00+00:00,2026-08-10 01:00:00+00:00,3
87,2026-08-07 09:00:00+00:00,2026-08-07 13:00:00+00:00,3
106,2026-08-10 08:00:00+00:00,2026-08-10 12:00:00+00:00,3
84,2026-08-06 22:00:00+00:00,2026-08-07 02:00:00+00:00,3
82,2026-08-06 14:00:00+00:00,2026-08-06 18:00:00+00:00,3
108,2026-08-10 16:00:00+00:00,2026-08-10 20:00:00+00:00,3
79,2026-08-06 03:00:00+00:00,2026-08-06 07:00:00+00:00,3
77,2026-08-05 19:00:00+00:00,2026-08-05 23:00:00+00:00,3
111,2026-08-11 03:00:00+00:00,2026-08-11 07:00:00+00:00,3
150,2026-08-18 10:00:00+00:00,2026-08-18 14:00:00+00:00,3
74,2026-08-05 08:00:00+00:00,2026-08-05 12:00:00+00:00,3
112,2026-08-11 08:00:00+00:00,2026-08-11 12:00:00+00:00,3
72,2026-08-05 00:00:00+00:00,2026-08-05 04:00:00+00:00,3
44,2026-07-31 14:00:00+00:00,2026-07-31 18:00:00+00:00,3
126,2026-08-13 22:00:00+00:00,2026-08-14 02:00:00+00:00,3
42,2026-07-31 06:00:00+00:00,2026-07-31 10:00:00+00:00,3
140,2026-08-16 10:00:00+00:00,2026-08-16 14:00:00+00:00,3
141,2026-08-16 15:00:00+00:00,2026-08-16 19:00:00+00:00,3
24,2026-07-28 12:00:00+00:00,2026-07-28 16:00:00+00:00,3
143,2026-08-16 23:00:00+00:00,2026-08-17 03:00:00+00:00,3
144,2026-08-17 04:00:00+00:00,2026-08-17 08:00:00+00:00,3
159,2026-08-20 07:00:00+00:00,2026-08-20 11:00:00+00:00,3
145,2026-08-17 09:00:00+00:00,2026-08-17 13:00:00+00:00,3
20,2026-07-27 22:00:00+00:00,2026-07-28 02:00:00+00:00,3
147,2026-08-17 17:00:00+00:00,2026-08-17 21:00:00+00:00,3
151,2026-08-18 15:00:00+00:00,2026-08-18 19:00:00+00:00,3
152,2026-08-18 20:00:00+00:00,2026-08-19 00:00:00+00:00,3
153,2026-08-19 01:00:00+00:00,2026-08-19 05:00:00+00:00,3
158,2026-08-20 02:00:00+00:00,2026-08-20 06:00:00+00:00,3
154,2026-08-19 06:00:00+00:00,2026-08-19 10:00:00+00:00,3
157,2026-08-19 21:00:00+00:00,2026-08-20 01:00:00+00:00,3
155,2026-08-19 11:00:00+00:00,2026-08-19 15:00:00+00:00,3
27,2026-07-28 23:00:00+00:00,2026-07-29 03:00:00+00:00,3
160,2026-08-20 12:00:00+00:00,2026-08-20 16:00:00+00:00,3
156,2026-08-19 16:00:00+00:00,2026-08-19 20:00:00+00:00,3
39,2026-07-30 19:00:00+00:00,2026-07-30 23:00:00+00:00,3
161,2026-08-20 17:00:00+00:00,2026-08-20 21:00:00+00:00,3
131,2026-08-14 19:00:00+00:00,2026-08-14 23:00:00+00:00,3
138,2026-08-16 02:00:00+00:00,2026-08-16 06:00:00+00:00,3
164,2026-08-21 08:00:00+00:00,2026-08-21 12:00:00+00:00,3
32,2026-07-29 18:00:00+00:00,2026-07-29 22:00:00+00:00,3
137,2026-08-15 21:00:00+00:00,2026-08-16 01:00:00+00:00,3
136,2026-08-15 16:00:00+00:00,2026-08-15 20:00:00+00:00,3
162,2026-08-20 22:00:00+00:00,2026-08-21 02:00:00+00:00,3
29,2026-07-29 07:00:00+00:00,2026-07-29 11:00:00+00:00,3
163,2026-08-21 03:00:00+00:00,2026-08-21 07:00:00+00:00,3
134,2026-08-15 08:00:00+00:00,2026-08-15 12:00:00+00:00,3
37,2026-07-30 11:00:00+00:00,2026-07-30 15:00:00+00:00,3
133,2026-08-15 03:00:00+00:00,2026-08-15 07:00:00+00:00,3
107,2026-08-10 13:00:00+00:00,2026-08-10 15:00:00+00:00,2
101,2026-08-09 15:00:00+00:00,2026-08-09 17:00:00+00:00,2
102,2026-08-09 18:00:00+00:00,2026-08-09 20:00:00+00:00,2
104,2026-08-10 02:00:00+00:00,2026-08-10 04:00:00+00:00,2
105,2026-08-10 05:00:00+00:00,2026-08-10 07:00:00+00:00,2
114,2026-08-11 18:00:00+00:00,2026-08-11 20:00:00+00:00,2
109,2026-08-10 21:00:00+00:00,2026-08-10 23:00:00+00:00,2
110,2026-08-11 00:00:00+00:00,2026-08-11 02:00:00+00:00,2
146,2026-08-17 14:00:00+00:00,2026-08-17 16:00:00+00:00,2
129,2026-08-14 11:00:00+00:00,2026-08-14 13:00:00+00:00,2
142,2026-08-16 20:00:00+00:00,2026-08-16 22:00:00+00:00,2
118,2026-08-12 12:00:00+00:00,2026-08-12 14:00:00+00:00,2
139,2026-08-16 07:00:00+00:00,2026-08-16 09:00:00+00:00,2
121,2026-08-13 01:00:00+00:00,2026-08-13 03:00:00+00:00,2
135,2026-08-15 13:00:00+00:00,2026-08-15 15:00:00+00:00,2
124,2026-08-13 14:00:00+00:00,2026-08-13 16:00:00+00:00,2
127,2026-08-14 03:00:00+00:00,2026-08-14 05:00:00+00:00,2
132,2026-08-15 00:00:00+00:00,2026-08-15 02:00:00+00:00,2
99,2026-08-09 07:00:00+00:00,2026-08-09 09:00:00+00:00,2
83,2026-08-06 19:00:00+00:00,2026-08-06 21:00:00+00:00,2
97,2026-08-08 23:00:00+00:00,2026-08-09 01:00:00+00:00,2
96,2026-08-08 20:00:00+00:00,2026-08-08 22:00:00+00:00,2
49,2026-08-01 09:00:00+00:00,2026-08-01 11:00:00+00:00,2
48,2026-08-01 06:00:00+00:00,2026-08-01 08:00:00+00:00,2
46,2026-07-31 22:00:00+00:00,2026-08-01 00:00:00+00:00,2
45,2026-07-31 19:00:00+00:00,2026-07-31 21:00:00+00:00,2
43,2026-07-31 11:00:00+00:00,2026-07-31 13:00:00+00:00,2
41,2026-07-31 03:00:00+00:00,2026-07-31 05:00:00+00:00,2
40,2026-07-31 00:00:00+00:00,2026-07-31 02:00:00+00:00,2
38,2026-07-30 16:00:00+00:00,2026-07-30 18:00:00+00:00,2
36,2026-07-30 08:00:00+00:00,2026-07-30 10:00:00+00:00,2
35,2026-07-30 05:00:00+00:00,2026-07-30 07:00:00+00:00,2
34,2026-07-30 02:00:00+00:00,2026-07-30 04:00:00+00:00,2
33,2026-07-29 23:00:00+00:00,2026-07-30 01:00:00+00:00,2
31,2026-07-29 15:00:00+00:00,2026-07-29 17:00:00+00:00,2
30,2026-07-29 12:00:00+00:00,2026-07-29 14:00:00+00:00,2
28,2026-07-29 04:00:00+00:00,2026-07-29 06:00:00+00:00,2
26,2026-07-28 20:00:00+00:00,2026-07-28 22:00:00+00:00,2
25,2026-07-28 17:00:00+00:00,2026-07-28 19:00:00+00:00,2
23,2026-07-28 09:00:00+00:00,2026-07-28 11:00:00+00:00,2
22,2026-07-28 06:00:00+00:00,2026-07-28 08:00:00+00:00,2
21,2026-07-28 03:00:00+00:00,2026-07-28 05:00:00+00:00,2
19,2026-07-27 19:00:00+00:00,2026-07-27 21:00:00+00:00,2
18,2026-07-27 16:00:00+00:00,2026-07-27 18:00:00+00:00,2
8,2026-07-27 04:00:00+00:00,2026-07-27 06:00:00+00:00,2
51,2026-08-01 17:00:00+00:00,2026-08-01 19:00:00+00:00,2
53,2026-08-02 01:00:00+00:00,2026-08-02 03:00:00+00:00,2
54,2026-08-02 04:00:00+00:00,2026-08-02 06:00:00+00:00,2
78,2026-08-06 00:00:00+00:00,2026-08-06 02:00:00+00:00,2
94,2026-08-08 12:00:00+00:00,2026-08-08 14:00:00+00:00,2
93,2026-08-08 09:00:00+00:00,2026-08-08 11:00:00+00:00,2
91,2026-08-08 01:00:00+00:00,2026-08-08 03:00:00+00:00,2
89,2026-08-07 17:00:00+00:00,2026-08-07 19:00:00+00:00,2
88,2026-08-07 14:00:00+00:00,2026-08-07 16:00:00+00:00,2
86,2026-08-07 06:00:00+00:00,2026-08-07 08:00:00+00:00,2
85,2026-08-07 03:00:00+00:00,2026-08-07 05:00:00+00:00,2
2,2026-07-23 09:00:00+00:00,2026-07-23 11:00:00+00:00,2
81,2026-08-06 11:00:00+00:00,2026-08-06 13:00:00+00:00,2
80,2026-08-06 08:00:00+00:00,2026-08-06 10:00:00+00:00,2
76,2026-08-05 16:00:00+00:00,2026-08-05 18:00:00+00:00,2
56,2026-08-02 12:00:00+00:00,2026-08-02 14:00:00+00:00,2
73,2026-08-05 05:00:00+00:00,2026-08-05 07:00:00+00:00,2
71,2026-08-04 21:00:00+00:00,2026-08-04 23:00:00+00:00,2
70,2026-08-04 18:00:00+00:00,2026-08-04 20:00:00+00:00,2
68,2026-08-04 10:00:00+00:00,2026-08-04 12:00:00+00:00,2
66,2026-08-04 02:00:00+00:00,2026-08-04 04:00:00+00:00,2
64,2026-08-03 18:00:00+00:00,2026-08-03 20:00:00+00:00,2
63,2026-08-03 15:00:00+00:00,2026-08-03 17:00:00+00:00,2
61,2026-08-03 07:00:00+00:00,2026-08-03 09:00:00+00:00,2
59,2026-08-02 23:00:00+00:00,2026-08-03 01:00:00+00:00,2
58,2026-08-02 20:00:00+00:00,2026-08-02 22:00:00+00:00,2
75,2026-08-05 13:00:00+00:00,2026-08-05 15:00:00+00:00,2
1,2026-07-23 08:00:00+00:00,2026-07-23 08:00:00+00:00,1
17,2026-07-27 15:00:00+00:00,2026-07-27 15:00:00+00:00,1
16,2026-07-27 14:00:00+00:00,2026-07-27 14:00:00+00:00,1
15,2026-07-27 13:00:00+00:00,2026-07-27 13:00:00+00:00,1
14,2026-07-27 12:00:00+00:00,2026-07-27 12:00:00+00:00,1
13,2026-07-27 11:00:00+00:00,2026-07-27 11:00:00+00:00,1
12,2026-07-27 10:00:00+00:00,2026-07-27 10:00:00+00:00,1
11,2026-07-27 09:00:00+00:00,2026-07-27 09:00:00+00:00,1
10,2026-07-27 08:00:00+00:00,2026-07-27 08:00:00+00:00,1
9,2026-07-27 07:00:00+00:00,2026-07-27 07:00:00+00:00,1
7,2026-07-27 03:00:00+00:00,2026-07-27 03:00:00+00:00,1
6,2026-07-27 02:00:00+00:00,2026-07-27 02:00:00+00:00,1
5,2026-07-23 14:00:00+00:00,2026-07-23 14:00:00+00:00,1
4,2026-07-23 13:00:00+00:00,2026-07-23 13:00:00+00:00,1
3,2026-07-23 12:00:00+00:00,2026-07-23 12:00:00+00:00,1
165,2026-08-21 13:00:00+00:00,2026-08-21 13:00:00+00:00,1
