obs_time_utc,obs_time_wib,date_wib,hour_wib,day_wib,gap_hours,sequence_id
2026-07-23 08:00:00+00:00,2026-07-23 15:00:00+07:00,2026-07-23,15,Thursday,,1
2026-07-23 09:00:00+00:00,2026-07-23 16:00:00+07:00,2026-07-23,16,Thursday,1.0,1
2026-07-23 11:00:00+00:00,2026-07-23 18:00:00+07:00,2026-07-23,18,Thursday,2.0,2
2026-07-23 12:00:00+00:00,2026-07-23 19:00:00+07:00,2026-07-23,19,Thursday,1.0,2
2026-07-23 13:00:00+00:00,2026-07-23 20:00:00+07:00,2026-07-23,20,Thursday,1.0,2
2026-07-23 14:00:00+00:00,2026-07-23 21:00:00+07:00,2026-07-23,21,Thursday,1.0,2
2026-07-27 02:00:00+00:00,2026-07-27 09:00:00+07:00,2026-07-27,9,Monday,84.0,3
2026-07-27 03:00:00+00:00,2026-07-27 10:00:00+07:00,2026-07-27,10,Monday,1.0,3
2026-07-27 04:00:00+00:00,2026-07-27 11:00:00+07:00,2026-07-27,11,Monday,1.0,3
2026-07-27 06:00:00+00:00,2026-07-27 13:00:00+07:00,2026-07-27,13,Monday,2.0,4
2026-07-27 07:00:00+00:00,2026-07-27 14:00:00+07:00,2026-07-27,14,Monday,1.0,4
2026-07-27 08:00:00+00:00,2026-07-27 15:00:00+07:00,2026-07-27,15,Monday,1.0,4
2026-07-27 09:00:00+00:00,2026-07-27 16:00:00+07:00,2026-07-27,16,Monday,1.0,4
2026-07-27 10:00:00+00:00,2026-07-27 17:00:00+07:00,2026-07-27,17,Monday,1.0,4
2026-07-27 11:00:00+00:00,2026-07-27 18:00:00+07:00,2026-07-27,18,Monday,1.0,4
2026-07-27 12:00:00+00:00,2026-07-27 19:00:00+07:00,2026-07-27,19,Monday,1.0,4
2026-07-27 13:00:00+00:00,2026-07-27 20:00:00+07:00,2026-07-27,20,Monday,1.0,4
2026-07-27 14:00:00+00:00,2026-07-27 21:00:00+07:00,2026-07-27,21,Monday,1.0,4
2026-07-27 15:00:00+00:00,2026-07-27 22:00:00+07:00,2026-07-27,22,Monday,1.0,4
2026-07-27 16:00:00+00:00,2026-07-27 23:00:00+07:00,2026-07-27,23,Monday,1.0,4
2026-07-27 18:00:00+00:00,2026-07-28 01:00:00+07:00,2026-07-28,1,Tuesday,2.0,5
2026-07-27 19:00:00+00:00,2026-07-28 02:00:00+07:00,2026-07-28,2,Tuesday,1.0,5
2026-07-27 21:00:00+00:00,2026-07-28 04:00:00+07:00,2026-07-28,4,Tuesday,2.0,6
2026-07-27 22:00:00+00:00,2026-07-28 05:00:00+07:00,2026-07-28,5,Tuesday,1.0,6
2026-07-28 00:00:00+00:00,2026-07-28 07:00:00+07:00,2026-07-28,7,Tuesday,2.0,7
2026-07-28 02:00:00+00:00,2026-07-28 09:00:00+07:00,2026-07-28,9,Tuesday,2.0,8
2026-07-28 03:00:00+00:00,2026-07-28 10:00:00+07:00,2026-07-28,10,Tuesday,1.0,8
2026-07-28 05:00:00+00:00,2026-07-28 12:00:00+07:00,2026-07-28,12,Tuesday,2.0,9
2026-07-28 06:00:00+00:00,2026-07-28 13:00:00+07:00,2026-07-28,13,Tuesday,1.0,9
2026-07-28 08:00:00+00:00,2026-07-28 15:00:00+07:00,2026-07-28,15,Tuesday,2.0,10
2026-07-28 09:00:00+00:00,2026-07-28 16:00:00+07:00,2026-07-28,16,Tuesday,1.0,10
2026-07-28 11:00:00+00:00,2026-07-28 18:00:00+07:00,2026-07-28,18,Tuesday,2.0,11
2026-07-28 12:00:00+00:00,2026-07-28 19:00:00+07:00,2026-07-28,19,Tuesday,1.0,11
2026-07-28 14:00:00+00:00,2026-07-28 21:00:00+07:00,2026-07-28,21,Tuesday,2.0,12
2026-07-28 16:00:00+00:00,2026-07-28 23:00:00+07:00,2026-07-28,23,Tuesday,2.0,13
2026-07-28 17:00:00+00:00,2026-07-29 00:00:00+07:00,2026-07-29,0,Wednesday,1.0,13
2026-07-28 19:00:00+00:00,2026-07-29 02:00:00+07:00,2026-07-29,2,Wednesday,2.0,14
2026-07-28 20:00:00+00:00,2026-07-29 03:00:00+07:00,2026-07-29,3,Wednesday,1.0,14
2026-07-28 22:00:00+00:00,2026-07-29 05:00:00+07:00,2026-07-29,5,Wednesday,2.0,15
2026-07-28 23:00:00+00:00,2026-07-29 06:00:00+07:00,2026-07-29,6,Wednesday,1.0,15
2026-07-29 01:00:00+00:00,2026-07-29 08:00:00+07:00,2026-07-29,8,Wednesday,2.0,16
2026-07-29 03:00:00+00:00,2026-07-29 10:00:00+07:00,2026-07-29,10,Wednesday,2.0,17
2026-07-29 04:00:00+00:00,2026-07-29 11:00:00+07:00,2026-07-29,11,Wednesday,1.0,17
2026-07-29 06:00:00+00:00,2026-07-29 13:00:00+07:00,2026-07-29,13,Wednesday,2.0,18
2026-07-29 07:00:00+00:00,2026-07-29 14:00:00+07:00,2026-07-29,14,Wednesday,1.0,18
2026-07-29 09:00:00+00:00,2026-07-29 16:00:00+07:00,2026-07-29,16,Wednesday,2.0,19
2026-07-29 11:00:00+00:00,2026-07-29 18:00:00+07:00,2026-07-29,18,Wednesday,2.0,20
2026-07-29 12:00:00+00:00,2026-07-29 19:00:00+07:00,2026-07-29,19,Wednesday,1.0,20
2026-07-29 14:00:00+00:00,2026-07-29 21:00:00+07:00,2026-07-29,21,Wednesday,2.0,21
2026-07-29 15:00:00+00:00,2026-07-29 22:00:00+07:00,2026-07-29,22,Wednesday,1.0,21
2026-07-29 17:00:00+00:00,2026-07-30 00:00:00+07:00,2026-07-30,0,Thursday,2.0,22
2026-07-29 18:00:00+00:00,2026-07-30 01:00:00+07:00,2026-07-30,1,Thursday,1.0,22
2026-07-29 20:00:00+00:00,2026-07-30 03:00:00+07:00,2026-07-30,3,Thursday,2.0,23
2026-07-29 22:00:00+00:00,2026-07-30 05:00:00+07:00,2026-07-30,5,Thursday,2.0,24
2026-07-29 23:00:00+00:00,2026-07-30 06:00:00+07:00,2026-07-30,6,Thursday,1.0,24
2026-07-30 01:00:00+00:00,2026-07-30 08:00:00+07:00,2026-07-30,8,Thursday,2.0,25
2026-07-30 02:00:00+00:00,2026-07-30 09:00:00+07:00,2026-07-30,9,Thursday,1.0,25
2026-07-30 04:00:00+00:00,2026-07-30 11:00:00+07:00,2026-07-30,11,Thursday,2.0,26
2026-07-30 05:00:00+00:00,2026-07-30 12:00:00+07:00,2026-07-30,12,Thursday,1.0,26
2026-07-30 07:00:00+00:00,2026-07-30 14:00:00+07:00,2026-07-30,14,Thursday,2.0,27
2026-07-30 08:00:00+00:00,2026-07-30 15:00:00+07:00,2026-07-30,15,Thursday,1.0,27
2026-07-30 10:00:00+00:00,2026-07-30 17:00:00+07:00,2026-07-30,17,Thursday,2.0,28
2026-07-30 11:00:00+00:00,2026-07-30 18:00:00+07:00,2026-07-30,18,Thursday,1.0,28
2026-07-30 13:00:00+00:00,2026-07-30 20:00:00+07:00,2026-07-30,20,Thursday,2.0,29
2026-07-30 15:00:00+00:00,2026-07-30 22:00:00+07:00,2026-07-30,22,Thursday,2.0,30
2026-07-30 16:00:00+00:00,2026-07-30 23:00:00+07:00,2026-07-30,23,Thursday,1.0,30
2026-07-30 18:00:00+00:00,2026-07-31 01:00:00+07:00,2026-07-31,1,Friday,2.0,31
2026-07-30 19:00:00+00:00,2026-07-31 02:00:00+07:00,2026-07-31,2,Friday,1.0,31
2026-07-30 21:00:00+00:00,2026-07-31 04:00:00+07:00,2026-07-31,4,Friday,2.0,32
2026-07-30 23:00:00+00:00,2026-07-31 06:00:00+07:00,2026-07-31,6,Friday,2.0,33
2026-07-31 00:00:00+00:00,2026-07-31 07:00:00+07:00,2026-07-31,7,Friday,1.0,33
2026-07-31 02:00:00+00:00,2026-07-31 09:00:00+07:00,2026-07-31,9,Friday,2.0,34
2026-07-31 03:00:00+00:00,2026-07-31 10:00:00+07:00,2026-07-31,10,Friday,1.0,34
2026-07-31 05:00:00+00:00,2026-07-31 12:00:00+07:00,2026-07-31,12,Friday,2.0,35
2026-07-31 06:00:00+00:00,2026-07-31 13:00:00+07:00,2026-07-31,13,Friday,1.0,35
2026-07-31 08:00:00+00:00,2026-07-31 15:00:00+07:00,2026-07-31,15,Friday,2.0,36
2026-07-31 10:00:00+00:00,2026-07-31 17:00:00+07:00,2026-07-31,17,Friday,2.0,37
2026-07-31 11:00:00+00:00,2026-07-31 18:00:00+07:00,2026-07-31,18,Friday,1.0,37
2026-07-31 13:00:00+00:00,2026-07-31 20:00:00+07:00,2026-07-31,20,Friday,2.0,38
2026-07-31 14:00:00+00:00,2026-07-31 21:00:00+07:00,2026-07-31,21,Friday,1.0,38
2026-07-31 16:00:00+00:00,2026-07-31 23:00:00+07:00,2026-07-31,23,Friday,2.0,39
2026-07-31 18:00:00+00:00,2026-08-01 01:00:00+07:00,2026-08-01,1,Saturday,2.0,40
2026-07-31 19:00:00+00:00,2026-08-01 02:00:00+07:00,2026-08-01,2,Saturday,1.0,40
2026-07-31 21:00:00+00:00,2026-08-01 04:00:00+07:00,2026-08-01,4,Saturday,2.0,41
2026-07-31 22:00:00+00:00,2026-08-01 05:00:00+07:00,2026-08-01,5,Saturday,1.0,41
2026-08-01 00:00:00+00:00,2026-08-01 07:00:00+07:00,2026-08-01,7,Saturday,2.0,42
2026-08-01 01:00:00+00:00,2026-08-01 08:00:00+07:00,2026-08-01,8,Saturday,1.0,42
2026-08-01 03:00:00+00:00,2026-08-01 10:00:00+07:00,2026-08-01,10,Saturday,2.0,43
2026-08-01 05:00:00+00:00,2026-08-01 12:00:00+07:00,2026-08-01,12,Saturday,2.0,44
2026-08-01 06:00:00+00:00,2026-08-01 13:00:00+07:00,2026-08-01,13,Saturday,1.0,44
2026-08-01 08:00:00+00:00,2026-08-01 15:00:00+07:00,2026-08-01,15,Saturday,2.0,45
2026-08-01 09:00:00+00:00,2026-08-01 16:00:00+07:00,2026-08-01,16,Saturday,1.0,45
2026-08-01 11:00:00+00:00,2026-08-01 18:00:00+07:00,2026-08-01,18,Saturday,2.0,46
2026-08-01 12:00:00+00:00,2026-08-01 19:00:00+07:00,2026-08-01,19,Saturday,1.0,46
2026-08-01 14:00:00+00:00,2026-08-01 21:00:00+07:00,2026-08-01,21,Saturday,2.0,47
2026-08-01 16:00:00+00:00,2026-08-01 23:00:00+07:00,2026-08-01,23,Saturday,2.0,48
2026-08-01 17:00:00+00:00,2026-08-02 00:00:00+07:00,2026-08-02,0,Sunday,1.0,48
2026-08-01 19:00:00+00:00,2026-08-02 02:00:00+07:00,2026-08-02,2,Sunday,2.0,49
2026-08-01 20:00:00+00:00,2026-08-02 03:00:00+07:00,2026-08-02,3,Sunday,1.0,49
2026-08-01 22:00:00+00:00,2026-08-02 05:00:00+07:00,2026-08-02,5,Sunday,2.0,50
2026-08-02 00:00:00+00:00,2026-08-02 07:00:00+07:00,2026-08-02,7,Sunday,2.0,51
2026-08-02 01:00:00+00:00,2026-08-02 08:00:00+07:00,2026-08-02,8,Sunday,1.0,51
2026-08-02 03:00:00+00:00,2026-08-02 10:00:00+07:00,2026-08-02,10,Sunday,2.0,52
2026-08-02 04:00:00+00:00,2026-08-02 11:00:00+07:00,2026-08-02,11,Sunday,1.0,52
2026-08-02 06:00:00+00:00,2026-08-02 13:00:00+07:00,2026-08-02,13,Sunday,2.0,53
2026-08-02 07:00:00+00:00,2026-08-02 14:00:00+07:00,2026-08-02,14,Sunday,1.0,53
2026-08-02 09:00:00+00:00,2026-08-02 16:00:00+07:00,2026-08-02,16,Sunday,2.0,54
2026-08-02 11:00:00+00:00,2026-08-02 18:00:00+07:00,2026-08-02,18,Sunday,2.0,55
2026-08-02 12:00:00+00:00,2026-08-02 19:00:00+07:00,2026-08-02,19,Sunday,1.0,55
2026-08-02 14:00:00+00:00,2026-08-02 21:00:00+07:00,2026-08-02,21,Sunday,2.0,56
2026-08-02 15:00:00+00:00,2026-08-02 22:00:00+07:00,2026-08-02,22,Sunday,1.0,56
2026-08-02 17:00:00+00:00,2026-08-03 00:00:00+07:00,2026-08-03,0,Monday,2.0,57
2026-08-02 19:00:00+00:00,2026-08-03 02:00:00+07:00,2026-08-03,2,Monday,2.0,58
2026-08-02 20:00:00+00:00,2026-08-03 03:00:00+07:00,2026-08-03,3,Monday,1.0,58
2026-08-02 22:00:00+00:00,2026-08-03 05:00:00+07:00,2026-08-03,5,Monday,2.0,59
2026-08-02 23:00:00+00:00,2026-08-03 06:00:00+07:00,2026-08-03,6,Monday,1.0,59
2026-08-03 01:00:00+00:00,2026-08-03 08:00:00+07:00,2026-08-03,8,Monday,2.0,60
2026-08-03 02:00:00+00:00,2026-08-03 09:00:00+07:00,2026-08-03,9,Monday,1.0,60
2026-08-03 04:00:00+00:00,2026-08-03 11:00:00+07:00,2026-08-03,11,Monday,2.0,61
2026-08-03 06:00:00+00:00,2026-08-03 13:00:00+07:00,2026-08-03,13,Monday,2.0,62
2026-08-03 07:00:00+00:00,2026-08-03 14:00:00+07:00,2026-08-03,14,Monday,1.0,62
2026-08-03 09:00:00+00:00,2026-08-03 16:00:00+07:00,2026-08-03,16,Monday,2.0,63
2026-08-03 10:00:00+00:00,2026-08-03 17:00:00+07:00,2026-08-03,17,Monday,1.0,63
2026-08-03 12:00:00+00:00,2026-08-03 19:00:00+07:00,2026-08-03,19,Monday,2.0,64
2026-08-03 14:00:00+00:00,2026-08-03 21:00:00+07:00,2026-08-03,21,Monday,2.0,65
2026-08-03 15:00:00+00:00,2026-08-03 22:00:00+07:00,2026-08-03,22,Monday,1.0,65
2026-08-03 17:00:00+00:00,2026-08-04 00:00:00+07:00,2026-08-04,0,Tuesday,2.0,66
2026-08-03 18:00:00+00:00,2026-08-04 01:00:00+07:00,2026-08-04,1,Tuesday,1.0,66
2026-08-03 20:00:00+00:00,2026-08-04 03:00:00+07:00,2026-08-04,3,Tuesday,2.0,67
2026-08-03 21:00:00+00:00,2026-08-04 04:00:00+07:00,2026-08-04,4,Tuesday,1.0,67
2026-08-03 23:00:00+00:00,2026-08-04 06:00:00+07:00,2026-08-04,6,Tuesday,2.0,68
2026-08-04 01:00:00+00:00,2026-08-04 08:00:00+07:00,2026-08-04,8,Tuesday,2.0,69
2026-08-04 02:00:00+00:00,2026-08-04 09:00:00+07:00,2026-08-04,9,Tuesday,1.0,69
2026-08-04 04:00:00+00:00,2026-08-04 11:00:00+07:00,2026-08-04,11,Tuesday,2.0,70
2026-08-04 05:00:00+00:00,2026-08-04 12:00:00+07:00,2026-08-04,12,Tuesday,1.0,70
2026-08-04 07:00:00+00:00,2026-08-04 14:00:00+07:00,2026-08-04,14,Tuesday,2.0,71
2026-08-04 09:00:00+00:00,2026-08-04 16:00:00+07:00,2026-08-04,16,Tuesday,2.0,72
2026-08-04 10:00:00+00:00,2026-08-04 17:00:00+07:00,2026-08-04,17,Tuesday,1.0,72
2026-08-04 12:00:00+00:00,2026-08-04 19:00:00+07:00,2026-08-04,19,Tuesday,2.0,73
2026-08-04 13:00:00+00:00,2026-08-04 20:00:00+07:00,2026-08-04,20,Tuesday,1.0,73
2026-08-04 15:00:00+00:00,2026-08-04 22:00:00+07:00,2026-08-04,22,Tuesday,2.0,74
2026-08-04 17:00:00+00:00,2026-08-05 00:00:00+07:00,2026-08-05,0,Wednesday,2.0,75
2026-08-04 18:00:00+00:00,2026-08-05 01:00:00+07:00,2026-08-05,1,Wednesday,1.0,75
2026-08-04 20:00:00+00:00,2026-08-05 03:00:00+07:00,2026-08-05,3,Wednesday,2.0,76
2026-08-04 21:00:00+00:00,2026-08-05 04:00:00+07:00,2026-08-05,4,Wednesday,1.0,76
2026-08-04 23:00:00+00:00,2026-08-05 06:00:00+07:00,2026-08-05,6,Wednesday,2.0,77
2026-08-05 00:00:00+00:00,2026-08-05 07:00:00+07:00,2026-08-05,7,Wednesday,1.0,77
2026-08-05 02:00:00+00:00,2026-08-05 09:00:00+07:00,2026-08-05,9,Wednesday,2.0,78
2026-08-05 04:00:00+00:00,2026-08-05 11:00:00+07:00,2026-08-05,11,Wednesday,2.0,79
2026-08-05 05:00:00+00:00,2026-08-05 12:00:00+07:00,2026-08-05,12,Wednesday,1.0,79
2026-08-05 07:00:00+00:00,2026-08-05 14:00:00+07:00,2026-08-05,14,Wednesday,2.0,80
2026-08-05 08:00:00+00:00,2026-08-05 15:00:00+07:00,2026-08-05,15,Wednesday,1.0,80
2026-08-05 10:00:00+00:00,2026-08-05 17:00:00+07:00,2026-08-05,17,Wednesday,2.0,81
2026-08-05 12:00:00+00:00,2026-08-05 19:00:00+07:00,2026-08-05,19,Wednesday,2.0,82
2026-08-05 13:00:00+00:00,2026-08-05 20:00:00+07:00,2026-08-05,20,Wednesday,1.0,82
2026-08-05 15:00:00+00:00,2026-08-05 22:00:00+07:00,2026-08-05,22,Wednesday,2.0,83
2026-08-05 16:00:00+00:00,2026-08-05 23:00:00+07:00,2026-08-05,23,Wednesday,1.0,83
2026-08-05 18:00:00+00:00,2026-08-06 01:00:00+07:00,2026-08-06,1,Thursday,2.0,84
2026-08-05 19:00:00+00:00,2026-08-06 02:00:00+07:00,2026-08-06,2,Thursday,1.0,84
2026-08-05 21:00:00+00:00,2026-08-06 04:00:00+07:00,2026-08-06,4,Thursday,2.0,85
2026-08-05 23:00:00+00:00,2026-08-06 06:00:00+07:00,2026-08-06,6,Thursday,2.0,86
2026-08-06 00:00:00+00:00,2026-08-06 07:00:00+07:00,2026-08-06,7,Thursday,1.0,86
2026-08-06 02:00:00+00:00,2026-08-06 09:00:00+07:00,2026-08-06,9,Thursday,2.0,87
2026-08-06 03:00:00+00:00,2026-08-06 10:00:00+07:00,2026-08-06,10,Thursday,1.0,87
2026-08-06 05:00:00+00:00,2026-08-06 12:00:00+07:00,2026-08-06,12,Thursday,2.0,88
2026-08-06 07:00:00+00:00,2026-08-06 14:00:00+07:00,2026-08-06,14,Thursday,2.0,89
2026-08-06 08:00:00+00:00,2026-08-06 15:00:00+07:00,2026-08-06,15,Thursday,1.0,89
2026-08-06 10:00:00+00:00,2026-08-06 17:00:00+07:00,2026-08-06,17,Thursday,2.0,90
2026-08-06 11:00:00+00:00,2026-08-06 18:00:00+07:00,2026-08-06,18,Thursday,1.0,90
2026-08-06 13:00:00+00:00,2026-08-06 20:00:00+07:00,2026-08-06,20,Thursday,2.0,91
2026-08-06 14:00:00+00:00,2026-08-06 21:00:00+07:00,2026-08-06,21,Thursday,1.0,91
2026-08-06 16:00:00+00:00,2026-08-06 23:00:00+07:00,2026-08-06,23,Thursday,2.0,92
2026-08-06 18:00:00+00:00,2026-08-07 01:00:00+07:00,2026-08-07,1,Friday,2.0,93
2026-08-06 19:00:00+00:00,2026-08-07 02:00:00+07:00,2026-08-07,2,Friday,1.0,93
2026-08-06 21:00:00+00:00,2026-08-07 04:00:00+07:00,2026-08-07,4,Friday,2.0,94
2026-08-06 22:00:00+00:00,2026-08-07 05:00:00+07:00,2026-08-07,5,Friday,1.0,94
2026-08-07 00:00:00+00:00,2026-08-07 07:00:00+07:00,2026-08-07,7,Friday,2.0,95
2026-08-07 02:00:00+00:00,2026-08-07 09:00:00+07:00,2026-08-07,9,Friday,2.0,96
2026-08-07 03:00:00+00:00,2026-08-07 10:00:00+07:00,2026-08-07,10,Friday,1.0,96
2026-08-07 05:00:00+00:00,2026-08-07 12:00:00+07:00,2026-08-07,12,Friday,2.0,97
2026-08-07 06:00:00+00:00,2026-08-07 13:00:00+07:00,2026-08-07,13,Friday,1.0,97
2026-08-07 08:00:00+00:00,2026-08-07 15:00:00+07:00,2026-08-07,15,Friday,2.0,98
2026-08-07 09:00:00+00:00,2026-08-07 16:00:00+07:00,2026-08-07,16,Friday,1.0,98
2026-08-07 11:00:00+00:00,2026-08-07 18:00:00+07:00,2026-08-07,18,Friday,2.0,99
2026-08-07 13:00:00+00:00,2026-08-07 20:00:00+07:00,2026-08-07,20,Friday,2.0,100
2026-08-07 14:00:00+00:00,2026-08-07 21:00:00+07:00,2026-08-07,21,Friday,1.0,100
2026-08-07 16:00:00+00:00,2026-08-07 23:00:00+07:00,2026-08-07,23,Friday,2.0,101
2026-08-07 17:00:00+00:00,2026-08-08 00:00:00+07:00,2026-08-08,0,Saturday,1.0,101
2026-08-07 19:00:00+00:00,2026-08-08 02:00:00+07:00,2026-08-08,2,Saturday,2.0,102
2026-08-07 20:00:00+00:00,2026-08-08 03:00:00+07:00,2026-08-08,3,Saturday,1.0,102
2026-08-07 22:00:00+00:00,2026-08-08 05:00:00+07:00,2026-08-08,5,Saturday,2.0,103
2026-08-08 00:00:00+00:00,2026-08-08 07:00:00+07:00,2026-08-08,7,Saturday,2.0,104
2026-08-08 01:00:00+00:00,2026-08-08 08:00:00+07:00,2026-08-08,8,Saturday,1.0,104
2026-08-08 03:00:00+00:00,2026-08-08 10:00:00+07:00,2026-08-08,10,Saturday,2.0,105
2026-08-08 04:00:00+00:00,2026-08-08 11:00:00+07:00,2026-08-08,11,Saturday,1.0,105
2026-08-08 06:00:00+00:00,2026-08-08 13:00:00+07:00,2026-08-08,13,Saturday,2.0,106
2026-08-08 08:00:00+00:00,2026-08-08 15:00:00+07:00,2026-08-08,15,Saturday,2.0,107
2026-08-08 09:00:00+00:00,2026-08-08 16:00:00+07:00,2026-08-08,16,Saturday,1.0,107
2026-08-08 11:00:00+00:00,2026-08-08 18:00:00+07:00,2026-08-08,18,Saturday,2.0,108
2026-08-08 12:00:00+00:00,2026-08-08 19:00:00+07:00,2026-08-08,19,Saturday,1.0,108
2026-08-08 14:00:00+00:00,2026-08-08 21:00:00+07:00,2026-08-08,21,Saturday,2.0,109
2026-08-08 15:00:00+00:00,2026-08-08 22:00:00+07:00,2026-08-08,22,Saturday,1.0,109
2026-08-08 17:00:00+00:00,2026-08-09 00:00:00+07:00,2026-08-09,0,Sunday,2.0,110
2026-08-08 19:00:00+00:00,2026-08-09 02:00:00+07:00,2026-08-09,2,Sunday,2.0,111
2026-08-08 20:00:00+00:00,2026-08-09 03:00:00+07:00,2026-08-09,3,Sunday,1.0,111
2026-08-08 22:00:00+00:00,2026-08-09 05:00:00+07:00,2026-08-09,5,Sunday,2.0,112
2026-08-08 23:00:00+00:00,2026-08-09 06:00:00+07:00,2026-08-09,6,Sunday,1.0,112
2026-08-09 01:00:00+00:00,2026-08-09 08:00:00+07:00,2026-08-09,8,Sunday,2.0,113
2026-08-09 02:00:00+00:00,2026-08-09 09:00:00+07:00,2026-08-09,9,Sunday,1.0,113
2026-08-09 04:00:00+00:00,2026-08-09 11:00:00+07:00,2026-08-09,11,Sunday,2.0,114
2026-08-09 06:00:00+00:00,2026-08-09 13:00:00+07:00,2026-08-09,13,Sunday,2.0,115
2026-08-09 07:00:00+00:00,2026-08-09 14:00:00+07:00,2026-08-09,14,Sunday,1.0,115
2026-08-09 09:00:00+00:00,2026-08-09 16:00:00+07:00,2026-08-09,16,Sunday,2.0,116
2026-08-09 10:00:00+00:00,2026-08-09 17:00:00+07:00,2026-08-09,17,Sunday,1.0,116
2026-08-09 12:00:00+00:00,2026-08-09 19:00:00+07:00,2026-08-09,19,Sunday,2.0,117
2026-08-09 14:00:00+00:00,2026-08-09 21:00:00+07:00,2026-08-09,21,Sunday,2.0,118
2026-08-09 15:00:00+00:00,2026-08-09 22:00:00+07:00,2026-08-09,22,Sunday,1.0,118
2026-08-09 17:00:00+00:00,2026-08-10 00:00:00+07:00,2026-08-10,0,Monday,2.0,119
2026-08-09 18:00:00+00:00,2026-08-10 01:00:00+07:00,2026-08-10,1,Monday,1.0,119
2026-08-09 20:00:00+00:00,2026-08-10 03:00:00+07:00,2026-08-10,3,Monday,2.0,120
2026-08-09 21:00:00+00:00,2026-08-10 04:00:00+07:00,2026-08-10,4,Monday,1.0,120
2026-08-09 23:00:00+00:00,2026-08-10 06:00:00+07:00,2026-08-10,6,Monday,2.0,121
2026-08-10 01:00:00+00:00,2026-08-10 08:00:00+07:00,2026-08-10,8,Monday,2.0,122
2026-08-10 02:00:00+00:00,2026-08-10 09:00:00+07:00,2026-08-10,9,Monday,1.0,122
2026-08-10 04:00:00+00:00,2026-08-10 11:00:00+07:00,2026-08-10,11,Monday,2.0,123
2026-08-10 05:00:00+00:00,2026-08-10 12:00:00+07:00,2026-08-10,12,Monday,1.0,123
2026-08-10 07:00:00+00:00,2026-08-10 14:00:00+07:00,2026-08-10,14,Monday,2.0,124
2026-08-10 08:00:00+00:00,2026-08-10 15:00:00+07:00,2026-08-10,15,Monday,1.0,124
2026-08-10 10:00:00+00:00,2026-08-10 17:00:00+07:00,2026-08-10,17,Monday,2.0,125
2026-08-10 12:00:00+00:00,2026-08-10 19:00:00+07:00,2026-08-10,19,Monday,2.0,126
2026-08-10 13:00:00+00:00,2026-08-10 20:00:00+07:00,2026-08-10,20,Monday,1.0,126
2026-08-10 15:00:00+00:00,2026-08-10 22:00:00+07:00,2026-08-10,22,Monday,2.0,127
2026-08-10 16:00:00+00:00,2026-08-10 23:00:00+07:00,2026-08-10,23,Monday,1.0,127
2026-08-10 18:00:00+00:00,2026-08-11 01:00:00+07:00,2026-08-11,1,Tuesday,2.0,128
2026-08-10 20:00:00+00:00,2026-08-11 03:00:00+07:00,2026-08-11,3,Tuesday,2.0,129
2026-08-10 21:00:00+00:00,2026-08-11 04:00:00+07:00,2026-08-11,4,Tuesday,1.0,129
2026-08-10 23:00:00+00:00,2026-08-11 06:00:00+07:00,2026-08-11,6,Tuesday,2.0,130
2026-08-11 00:00:00+00:00,2026-08-11 07:00:00+07:00,2026-08-11,7,Tuesday,1.0,130
2026-08-11 02:00:00+00:00,2026-08-11 09:00:00+07:00,2026-08-11,9,Tuesday,2.0,131
2026-08-11 03:00:00+00:00,2026-08-11 10:00:00+07:00,2026-08-11,10,Tuesday,1.0,131
2026-08-11 05:00:00+00:00,2026-08-11 12:00:00+07:00,2026-08-11,12,Tuesday,2.0,132
2026-08-11 07:00:00+00:00,2026-08-11 14:00:00+07:00,2026-08-11,14,Tuesday,2.0,133
2026-08-11 08:00:00+00:00,2026-08-11 15:00:00+07:00,2026-08-11,15,Tuesday,1.0,133
2026-08-11 10:00:00+00:00,2026-08-11 17:00:00+07:00,2026-08-11,17,Tuesday,2.0,134
2026-08-11 12:00:00+00:00,2026-08-11 19:00:00+07:00,2026-08-11,19,Tuesday,2.0,135
2026-08-11 13:00:00+00:00,2026-08-11 20:00:00+07:00,2026-08-11,20,Tuesday,1.0,135
2026-08-11 15:00:00+00:00,2026-08-11 22:00:00+07:00,2026-08-11,22,Tuesday,2.0,136
2026-08-11 17:00:00+00:00,2026-08-12 00:00:00+07:00,2026-08-12,0,Wednesday,2.0,137
2026-08-11 18:00:00+00:00,2026-08-12 01:00:00+07:00,2026-08-12,1,Wednesday,1.0,137
2026-08-11 20:00:00+00:00,2026-08-12 03:00:00+07:00,2026-08-12,3,Wednesday,2.0,138
2026-08-11 21:00:00+00:00,2026-08-12 04:00:00+07:00,2026-08-12,4,Wednesday,1.0,138
2026-08-11 23:00:00+00:00,2026-08-12 06:00:00+07:00,2026-08-12,6,Wednesday,2.0,139
2026-08-12 01:00:00+00:00,2026-08-12 08:00:00+07:00,2026-08-12,8,Wednesday,2.0,140
2026-08-12 02:00:00+00:00,2026-08-12 09:00:00+07:00,2026-08-12,9,Wednesday,1.0,140
2026-08-12 04:00:00+00:00,2026-08-12 11:00:00+07:00,2026-08-12,11,Wednesday,2.0,141
2026-08-12 06:00:00+00:00,2026-08-12 13:00:00+07:00,2026-08-12,13,Wednesday,2.0,142
2026-08-12 07:00:00+00:00,2026-08-12 14:00:00+07:00,2026-08-12,14,Wednesday,1.0,142
2026-08-12 09:00:00+00:00,2026-08-12 16:00:00+07:00,2026-08-12,16,Wednesday,2.0,143
2026-08-12 11:00:00+00:00,2026-08-12 18:00:00+07:00,2026-08-12,18,Wednesday,2.0,144
2026-08-12 12:00:00+00:00,2026-08-12 19:00:00+07:00,2026-08-12,19,Wednesday,1.0,144
2026-08-12 14:00:00+00:00,2026-08-12 21:00:00+07:00,2026-08-12,21,Wednesday,2.0,145
2026-08-12 15:00:00+00:00,2026-08-12 22:00:00+07:00,2026-08-12,22,Wednesday,1.0,145
2026-08-12 17:00:00+00:00,2026-08-13 00:00:00+07:00,2026-08-13,0,Thursday,2.0,146
2026-08-12 19:00:00+00:00,2026-08-13 02:00:00+07:00,2026-08-13,2,Thursday,2.0,147
2026-08-12 20:00:00+00:00,2026-08-13 03:00:00+07:00,2026-08-13,3,Thursday,1.0,147
2026-08-12 22:00:00+00:00,2026-08-13 05:00:00+07:00,2026-08-13,5,Thursday,2.0,148
2026-08-13 00:00:00+00:00,2026-08-13 07:00:00+07:00,2026-08-13,7,Thursday,2.0,149
2026-08-13 01:00:00+00:00,2026-08-13 08:00:00+07:00,2026-08-13,8,Thursday,1.0,149
2026-08-13 03:00:00+00:00,2026-08-13 10:00:00+07:00,2026-08-13,10,Thursday,2.0,150
2026-08-13 04:00:00+00:00,2026-08-13 11:00:00+07:00,2026-08-13,11,Thursday,1.0,150
2026-08-13 06:00:00+00:00,2026-08-13 13:00:00+07:00,2026-08-13,13,Thursday,2.0,151
2026-08-13 08:00:00+00:00,2026-08-13 15:00:00+07:00,2026-08-13,15,Thursday,2.0,152
2026-08-13 09:00:00+00:00,2026-08-13 16:00:00+07:00,2026-08-13,16,Thursday,1.0,152
2026-08-13 11:00:00+00:00,2026-08-13 18:00:00+07:00,2026-08-13,18,Thursday,2.0,153
2026-08-13 13:00:00+00:00,2026-08-13 20:00:00+07:00,2026-08-13,20,Thursday,2.0,154
2026-08-13 14:00:00+00:00,2026-08-13 21:00:00+07:00,2026-08-13,21,Thursday,1.0,154
2026-08-13 16:00:00+00:00,2026-08-13 23:00:00+07:00,2026-08-13,23,Thursday,2.0,155
2026-08-13 17:00:00+00:00,2026-08-14 00:00:00+07:00,2026-08-14,0,Friday,1.0,155
2026-08-13 19:00:00+00:00,2026-08-14 02:00:00+07:00,2026-08-14,2,Friday,2.0,156
2026-08-13 21:00:00+00:00,2026-08-14 04:00:00+07:00,2026-08-14,4,Friday,2.0,157
2026-08-13 22:00:00+00:00,2026-08-14 05:00:00+07:00,2026-08-14,5,Friday,1.0,157
2026-08-14 00:00:00+00:00,2026-08-14 07:00:00+07:00,2026-08-14,7,Friday,2.0,158
2026-08-14 02:00:00+00:00,2026-08-14 09:00:00+07:00,2026-08-14,9,Friday,2.0,159
2026-08-14 03:00:00+00:00,2026-08-14 10:00:00+07:00,2026-08-14,10,Friday,1.0,159
2026-08-14 05:00:00+00:00,2026-08-14 12:00:00+07:00,2026-08-14,12,Friday,2.0,160
2026-08-14 06:00:00+00:00,2026-08-14 13:00:00+07:00,2026-08-14,13,Friday,1.0,160
2026-08-14 08:00:00+00:00,2026-08-14 15:00:00+07:00,2026-08-14,15,Friday,2.0,161
2026-08-14 10:00:00+00:00,2026-08-14 17:00:00+07:00,2026-08-14,17,Friday,2.0,162
2026-08-14 11:00:00+00:00,2026-08-14 18:00:00+07:00,2026-08-14,18,Friday,1.0,162
2026-08-14 13:00:00+00:00,2026-08-14 20:00:00+07:00,2026-08-14,20,Friday,2.0,163
2026-08-14 14:00:00+00:00,2026-08-14 21:00:00+07:00,2026-08-14,21,Friday,1.0,163
2026-08-14 16:00:00+00:00,2026-08-14 23:00:00+07:00,2026-08-14,23,Friday,2.0,164
2026-08-14 18:00:00+00:00,2026-08-15 01:00:00+07:00,2026-08-15,1,Saturday,2.0,165
2026-08-14 19:00:00+00:00,2026-08-15 02:00:00+07:00,2026-08-15,2,Saturday,1.0,165
2026-08-14 21:00:00+00:00,2026-08-15 04:00:00+07:00,2026-08-15,4,Saturday,2.0,166
2026-08-14 23:00:00+00:00,2026-08-15 06:00:00+07:00,2026-08-15,6,Saturday,2.0,167
2026-08-15 00:00:00+00:00,2026-08-15 07:00:00+07:00,2026-08-15,7,Saturday,1.0,167
2026-08-15 02:00:00+00:00,2026-08-15 09:00:00+07:00,2026-08-15,9,Saturday,2.0,168
2026-08-15 03:00:00+00:00,2026-08-15 10:00:00+07:00,2026-08-15,10,Saturday,1.0,168
2026-08-15 05:00:00+00:00,2026-08-15 12:00:00+07:00,2026-08-15,12,Saturday,2.0,169
2026-08-15 07:00:00+00:00,2026-08-15 14:00:00+07:00,2026-08-15,14,Saturday,2.0,170
2026-08-15 08:00:00+00:00,2026-08-15 15:00:00+07:00,2026-08-15,15,Saturday,1.0,170
2026-08-15 10:00:00+00:00,2026-08-15 17:00:00+07:00,2026-08-15,17,Saturday,2.0,171
2026-08-15 12:00:00+00:00,2026-08-15 19:00:00+07:00,2026-08-15,19,Saturday,2.0,172
2026-08-15 13:00:00+00:00,2026-08-15 20:00:00+07:00,2026-08-15,20,Saturday,1.0,172
2026-08-15 15:00:00+00:00,2026-08-15 22:00:00+07:00,2026-08-15,22,Saturday,2.0,173
2026-08-15 16:00:00+00:00,2026-08-15 23:00:00+07:00,2026-08-15,23,Saturday,1.0,173
2026-08-15 18:00:00+00:00,2026-08-16 01:00:00+07:00,2026-08-16,1,Sunday,2.0,174
2026-08-15 20:00:00+00:00,2026-08-16 03:00:00+07:00,2026-08-16,3,Sunday,2.0,175
2026-08-15 21:00:00+00:00,2026-08-16 04:00:00+07:00,2026-08-16,4,Sunday,1.0,175
2026-08-15 23:00:00+00:00,2026-08-16 06:00:00+07:00,2026-08-16,6,Sunday,2.0,176
2026-08-16 01:00:00+00:00,2026-08-16 08:00:00+07:00,2026-08-16,8,Sunday,2.0,177
2026-08-16 02:00:00+00:00,2026-08-16 09:00:00+07:00,2026-08-16,9,Sunday,1.0,177
2026-08-16 04:00:00+00:00,2026-08-16 11:00:00+07:00,2026-08-16,11,Sunday,2.0,178
2026-08-16 06:00:00+00:00,2026-08-16 13:00:00+07:00,2026-08-16,13,Sunday,2.0,179
2026-08-16 07:00:00+00:00,2026-08-16 14:00:00+07:00,2026-08-16,14,Sunday,1.0,179
2026-08-16 09:00:00+00:00,2026-08-16 16:00:00+07:00,2026-08-16,16,Sunday,2.0,180
2026-08-16 10:00:00+00:00,2026-08-16 17:00:00+07:00,2026-08-16,17,Sunday,1.0,180
2026-08-16 12:00:00+00:00,2026-08-16 19:00:00+07:00,2026-08-16,19,Sunday,2.0,181
2026-08-16 14:00:00+00:00,2026-08-16 21:00:00+07:00,2026-08-16,21,Sunday,2.0,182
2026-08-16 15:00:00+00:00,2026-08-16 22:00:00+07:00,2026-08-16,22,Sunday,1.0,182
2026-08-16 17:00:00+00:00,2026-08-17 00:00:00+07:00,2026-08-17,0,Monday,2.0,183
2026-08-16 19:00:00+00:00,2026-08-17 02:00:00+07:00,2026-08-17,2,Monday,2.0,184
2026-08-16 20:00:00+00:00,2026-08-17 03:00:00+07:00,2026-08-17,3,Monday,1.0,184
2026-08-16 22:00:00+00:00,2026-08-17 05:00:00+07:00,2026-08-17,5,Monday,2.0,185
2026-08-16 23:00:00+00:00,2026-08-17 06:00:00+07:00,2026-08-17,6,Monday,1.0,185
2026-08-17 01:00:00+00:00,2026-08-17 08:00:00+07:00,2026-08-17,8,Monday,2.0,186
2026-08-17 03:00:00+00:00,2026-08-17 10:00:00+07:00,2026-08-17,10,Monday,2.0,187
2026-08-17 04:00:00+00:00,2026-08-17 11:00:00+07:00,2026-08-17,11,Monday,1.0,187
2026-08-17 06:00:00+00:00,2026-08-17 13:00:00+07:00,2026-08-17,13,Monday,2.0,188
2026-08-17 08:00:00+00:00,2026-08-17 15:00:00+07:00,2026-08-17,15,Monday,2.0,189
2026-08-17 09:00:00+00:00,2026-08-17 16:00:00+07:00,2026-08-17,16,Monday,1.0,189
2026-08-17 11:00:00+00:00,2026-08-17 18:00:00+07:00,2026-08-17,18,Monday,2.0,190
2026-08-17 13:00:00+00:00,2026-08-17 20:00:00+07:00,2026-08-17,20,Monday,2.0,191
2026-08-17 14:00:00+00:00,2026-08-17 21:00:00+07:00,2026-08-17,21,Monday,1.0,191
2026-08-17 16:00:00+00:00,2026-08-17 23:00:00+07:00,2026-08-17,23,Monday,2.0,192
2026-08-17 17:00:00+00:00,2026-08-18 00:00:00+07:00,2026-08-18,0,Tuesday,1.0,192
2026-08-17 19:00:00+00:00,2026-08-18 02:00:00+07:00,2026-08-18,2,Tuesday,2.0,193
2026-08-17 21:00:00+00:00,2026-08-18 04:00:00+07:00,2026-08-18,4,Tuesday,2.0,194
2026-08-17 22:00:00+00:00,2026-08-18 05:00:00+07:00,2026-08-18,5,Tuesday,1.0,194
2026-08-18 00:00:00+00:00,2026-08-18 07:00:00+07:00,2026-08-18,7,Tuesday,2.0,195
2026-08-18 02:00:00+00:00,2026-08-18 09:00:00+07:00,2026-08-18,9,Tuesday,2.0,196
2026-08-18 04:00:00+00:00,2026-08-18 11:00:00+07:00,2026-08-18,11,Tuesday,2.0,197
2026-08-18 05:00:00+00:00,2026-08-18 12:00:00+07:00,2026-08-18,12,Tuesday,1.0,197
2026-08-18 07:00:00+00:00,2026-08-18 14:00:00+07:00,2026-08-18,14,Tuesday,2.0,198
2026-08-18 09:00:00+00:00,2026-08-18 16:00:00+07:00,2026-08-18,16,Tuesday,2.0,199
2026-08-18 10:00:00+00:00,2026-08-18 17:00:00+07:00,2026-08-18,17,Tuesday,1.0,199
2026-08-18 12:00:00+00:00,2026-08-18 19:00:00+07:00,2026-08-18,19,Tuesday,2.0,200
2026-08-18 14:00:00+00:00,2026-08-18 21:00:00+07:00,2026-08-18,21,Tuesday,2.0,201
2026-08-18 15:00:00+00:00,2026-08-18 22:00:00+07:00,2026-08-18,22,Tuesday,1.0,201
2026-08-18 17:00:00+00:00,2026-08-19 00:00:00+07:00,2026-08-19,0,Wednesday,2.0,202
2026-08-18 19:00:00+00:00,2026-08-19 02:00:00+07:00,2026-08-19,2,Wednesday,2.0,203
2026-08-18 20:00:00+00:00,2026-08-19 03:00:00+07:00,2026-08-19,3,Wednesday,1.0,203
2026-08-18 22:00:00+00:00,2026-08-19 05:00:00+07:00,2026-08-19,5,Wednesday,2.0,204
2026-08-19 00:00:00+00:00,2026-08-19 07:00:00+07:00,2026-08-19,7,Wednesday,2.0,205
2026-08-19 01:00:00+00:00,2026-08-19 08:00:00+07:00,2026-08-19,8,Wednesday,1.0,205
2026-08-19 03:00:00+00:00,2026-08-19 10:00:00+07:00,2026-08-19,10,Wednesday,2.0,206
2026-08-19 05:00:00+00:00,2026-08-19 12:00:00+07:00,2026-08-19,12,Wednesday,2.0,207
2026-08-19 06:00:00+00:00,2026-08-19 13:00:00+07:00,2026-08-19,13,Wednesday,1.0,207
2026-08-19 08:00:00+00:00,2026-08-19 15:00:00+07:00,2026-08-19,15,Wednesday,2.0,208
2026-08-19 10:00:00+00:00,2026-08-19 17:00:00+07:00,2026-08-19,17,Wednesday,2.0,209
2026-08-19 11:00:00+00:00,2026-08-19 18:00:00+07:00,2026-08-19,18,Wednesday,1.0,209
2026-08-19 13:00:00+00:00,2026-08-19 20:00:00+07:00,2026-08-19,20,Wednesday,2.0,210
2026-08-19 15:00:00+00:00,2026-08-19 22:00:00+07:00,2026-08-19,22,Wednesday,2.0,211
2026-08-19 16:00:00+00:00,2026-08-19 23:00:00+07:00,2026-08-19,23,Wednesday,1.0,211
2026-08-19 18:00:00+00:00,2026-08-20 01:00:00+07:00,2026-08-20,1,Thursday,2.0,212
2026-08-19 20:00:00+00:00,2026-08-20 03:00:00+07:00,2026-08-20,3,Thursday,2.0,213
2026-08-19 21:00:00+00:00,2026-08-20 04:00:00+07:00,2026-08-20,4,Thursday,1.0,213
2026-08-19 23:00:00+00:00,2026-08-20 06:00:00+07:00,2026-08-20,6,Thursday,2.0,214
2026-08-20 01:00:00+00:00,2026-08-20 08:00:00+07:00,2026-08-20,8,Thursday,2.0,215
2026-08-20 02:00:00+00:00,2026-08-20 09:00:00+07:00,2026-08-20,9,Thursday,1.0,215
2026-08-20 04:00:00+00:00,2026-08-20 11:00:00+07:00,2026-08-20,11,Thursday,2.0,216
2026-08-20 06:00:00+00:00,2026-08-20 13:00:00+07:00,2026-08-20,13,Thursday,2.0,217
2026-08-20 07:00:00+00:00,2026-08-20 14:00:00+07:00,2026-08-20,14,Thursday,1.0,217
2026-08-20 09:00:00+00:00,2026-08-20 16:00:00+07:00,2026-08-20,16,Thursday,2.0,218
2026-08-20 11:00:00+00:00,2026-08-20 18:00:00+07:00,2026-08-20,18,Thursday,2.0,219
2026-08-20 12:00:00+00:00,2026-08-20 19:00:00+07:00,2026-08-20,19,Thursday,1.0,219
2026-08-20 14:00:00+00:00,2026-08-20 21:00:00+07:00,2026-08-20,21,Thursday,2.0,220
2026-08-20 16:00:00+00:00,2026-08-20 23:00:00+07:00,2026-08-20,23,Thursday,2.0,221
2026-08-20 17:00:00+00:00,2026-08-21 00:00:00+07:00,2026-08-21,0,Friday,1.0,221
2026-08-20 19:00:00+00:00,2026-08-21 02:00:00+07:00,2026-08-21,2,Friday,2.0,222
2026-08-20 21:00:00+00:00,2026-08-21 04:00:00+07:00,2026-08-21,4,Friday,2.0,223
2026-08-20 22:00:00+00:00,2026-08-21 05:00:00+07:00,2026-08-21,5,Friday,1.0,223
2026-08-21 00:00:00+00:00,2026-08-21 07:00:00+07:00,2026-08-21,7,Friday,2.0,224
2026-08-21 02:00:00+00:00,2026-08-21 09:00:00+07:00,2026-08-21,9,Friday,2.0,225
2026-08-21 03:00:00+00:00,2026-08-21 10:00:00+07:00,2026-08-21,10,Friday,1.0,225
2026-08-21 05:00:00+00:00,2026-08-21 12:00:00+07:00,2026-08-21,12,Friday,2.0,226
2026-08-21 07:00:00+00:00,2026-08-21 14:00:00+07:00,2026-08-21,14,Friday,2.0,227
2026-08-21 08:00:00+00:00,2026-08-21 15:00:00+07:00,2026-08-21,15,Friday,1.0,227
2026-08-21 10:00:00+00:00,2026-08-21 17:00:00+07:00,2026-08-21,17,Friday,2.0,228
2026-08-21 12:00:00+00:00,2026-08-21 19:00:00+07:00,2026-08-21,19,Friday,2.0,229
2026-08-21 13:00:00+00:00,2026-08-21 20:00:00+07:00,2026-08-21,20,Friday,1.0,229
