source,target,adaptive_weight,fixed_edge
tt_bekasi,tt_bogor,0.0,0
tt_bekasi,tt_bsd,0.0,0
tt_bekasi,tt_cawang,0.09609699249267578,1
tt_bekasi,tt_depok,0.007808024529367685,0
tt_bekasi,tt_gatsu,0.0868775025010109,1
tt_bekasi,tt_grogol,0.0,0
tt_bekasi,tt_kebonjeruk,0.10195652395486832,0
tt_bekasi,tt_kelapagading,0.025259114801883698,1
tt_bekasi,tt_kuningan,0.0,0
tt_bekasi,tt_sudirman,0.11278530210256577,0
tt_bekasi,tt_tangerang,0.07602684944868088,0
tt_bekasi,tt_tbsimatupang,0.0,0
tt_bekasi,tt_thamrin,0.06394549459218979,0
tt_bogor,tt_bekasi,0.0,0
tt_bogor,tt_bsd,0.0,0
tt_bogor,tt_cawang,0.0,1
tt_bogor,tt_depok,0.0,1
tt_bogor,tt_gatsu,0.06297113001346588,0
tt_bogor,tt_grogol,0.0,0
tt_bogor,tt_kebonjeruk,0.0,0
tt_bogor,tt_kelapagading,0.061782073229551315,0
tt_bogor,tt_kuningan,0.06756188720464706,0
tt_bogor,tt_sudirman,0.0,0
tt_bogor,tt_tangerang,0.0,0
tt_bogor,tt_tbsimatupang,0.0,1
tt_bogor,tt_thamrin,0.0,0
tt_bsd,tt_bekasi,0.0,0
tt_bsd,tt_bogor,0.0,0
tt_bsd,tt_cawang,0.022051991894841194,0
tt_bsd,tt_depok,0.13299134373664856,0
tt_bsd,tt_gatsu,0.0,0
tt_bsd,tt_grogol,0.14393341541290283,0
tt_bsd,tt_kebonjeruk,0.06024095043540001,1
tt_bsd,tt_kelapagading,0.0,0
tt_bsd,tt_kuningan,0.06598614156246185,0
tt_bsd,tt_sudirman,0.0345584899187088,0
tt_bsd,tt_tangerang,0.0,1
tt_bsd,tt_tbsimatupang,0.0,1
tt_bsd,tt_thamrin,0.09526824951171875,0
tt_cawang,tt_bekasi,0.09609698504209518,1
tt_cawang,tt_bogor,0.0,1
tt_cawang,tt_bsd,0.022051991894841194,0
tt_cawang,tt_depok,0.07600204646587372,1
tt_cawang,tt_gatsu,0.05081551894545555,1
tt_cawang,tt_grogol,0.0,0
tt_cawang,tt_kebonjeruk,0.0,0
tt_cawang,tt_kelapagading,0.06174642965197563,1
tt_cawang,tt_kuningan,0.06669295579195023,1
tt_cawang,tt_sudirman,0.1317988932132721,1
tt_cawang,tt_tangerang,0.0,0
tt_cawang,tt_tbsimatupang,0.0,1
tt_cawang,tt_thamrin,0.09987153112888336,0
tt_depok,tt_bekasi,0.007808024529367685,0
tt_depok,tt_bogor,0.0,1
tt_depok,tt_bsd,0.13299134373664856,0
tt_depok,tt_cawang,0.07600203901529312,1
tt_depok,tt_gatsu,0.0,0
tt_depok,tt_grogol,0.0,0
tt_depok,tt_kebonjeruk,0.11655322462320328,0
tt_depok,tt_kelapagading,0.0,0
tt_depok,tt_kuningan,0.0743943378329277,0
tt_depok,tt_sudirman,0.09571387618780136,0
tt_depok,tt_tangerang,0.0,0
tt_depok,tt_tbsimatupang,0.0,1
tt_depok,tt_thamrin,0.10435660183429718,0
tt_gatsu,tt_bekasi,0.0868775025010109,1
tt_gatsu,tt_bogor,0.06297113746404648,0
tt_gatsu,tt_bsd,0.0,0
tt_gatsu,tt_cawang,0.05081551894545555,1
tt_gatsu,tt_depok,0.0,0
tt_gatsu,tt_grogol,0.0,0
tt_gatsu,tt_kebonjeruk,0.0,0
tt_gatsu,tt_kelapagading,0.029299255460500717,0
tt_gatsu,tt_kuningan,0.04228184372186661,1
tt_gatsu,tt_sudirman,0.061032600700855255,1
tt_gatsu,tt_tangerang,0.06429887562990189,0
tt_gatsu,tt_tbsimatupang,0.0,1
tt_gatsu,tt_thamrin,0.0441611148416996,0
tt_grogol,tt_bekasi,0.0,0
tt_grogol,tt_bogor,0.0,0
tt_grogol,tt_bsd,0.14393341541290283,0
tt_grogol,tt_cawang,0.0,0
tt_grogol,tt_depok,0.0,0
tt_grogol,tt_gatsu,0.0,0
tt_grogol,tt_kebonjeruk,0.0026995621155947447,1
tt_grogol,tt_kelapagading,0.0,0
tt_grogol,tt_kuningan,0.11943725496530533,0
tt_grogol,tt_sudirman,0.0,1
tt_grogol,tt_tangerang,0.0,1
tt_grogol,tt_tbsimatupang,0.0,0
tt_grogol,tt_thamrin,0.07055139541625977,1
tt_kebonjeruk,tt_bekasi,0.10195651650428772,0
tt_kebonjeruk,tt_bogor,0.0,0
tt_kebonjeruk,tt_bsd,0.06024095043540001,1
tt_kebonjeruk,tt_cawang,0.0,0
tt_kebonjeruk,tt_depok,0.11655323207378387,0
tt_kebonjeruk,tt_gatsu,0.0,0
tt_kebonjeruk,tt_grogol,0.0026995621155947447,1
tt_kebonjeruk,tt_kelapagading,0.0,0
tt_kebonjeruk,tt_kuningan,0.01676907390356064,0
tt_kebonjeruk,tt_sudirman,0.038593534380197525,1
tt_kebonjeruk,tt_tangerang,0.0,1
tt_kebonjeruk,tt_tbsimatupang,0.0,0
tt_kebonjeruk,tt_thamrin,0.09818445146083832,1
tt_kelapagading,tt_bekasi,0.025259116664528847,1
tt_kelapagading,tt_bogor,0.061782073229551315,0
tt_kelapagading,tt_bsd,0.0,0
tt_kelapagading,tt_cawang,0.06174642965197563,1
tt_kelapagading,tt_depok,0.0,0
tt_kelapagading,tt_gatsu,0.029299257323145866,0
tt_kelapagading,tt_grogol,0.0,0
tt_kelapagading,tt_kebonjeruk,0.0,0
tt_kelapagading,tt_kuningan,0.03775957599282265,0
tt_kelapagading,tt_sudirman,0.0,1
tt_kelapagading,tt_tangerang,0.05228131636977196,0
tt_kelapagading,tt_tbsimatupang,0.0,0
tt_kelapagading,tt_thamrin,0.0,1
tt_kuningan,tt_bekasi,0.0,0
tt_kuningan,tt_bogor,0.06756189465522766,0
tt_kuningan,tt_bsd,0.06598613411188126,0
tt_kuningan,tt_cawang,0.06669295579195023,1
tt_kuningan,tt_depok,0.0743943378329277,0
tt_kuningan,tt_gatsu,0.04228184372186661,1
tt_kuningan,tt_grogol,0.11943725496530533,0
tt_kuningan,tt_kebonjeruk,0.016769075766205788,0
tt_kuningan,tt_kelapagading,0.037759579718112946,0
tt_kuningan,tt_sudirman,0.06427361071109772,1
tt_kuningan,tt_tangerang,0.0,0
tt_kuningan,tt_tbsimatupang,0.0,1
tt_kuningan,tt_thamrin,0.05862810090184212,1
tt_sudirman,tt_bekasi,0.11278529465198517,0
tt_sudirman,tt_bogor,0.0,0
tt_sudirman,tt_bsd,0.0345584899187088,0
tt_sudirman,tt_cawang,0.1317988932132721,1
tt_sudirman,tt_depok,0.09571386873722076,0
tt_sudirman,tt_gatsu,0.06103259697556496,1
tt_sudirman,tt_grogol,0.0,1
tt_sudirman,tt_kebonjeruk,0.038593534380197525,1
tt_sudirman,tt_kelapagading,0.0,1
tt_sudirman,tt_kuningan,0.06427361071109772,1
tt_sudirman,tt_tangerang,9.081709322344977e-06,0
tt_sudirman,tt_tbsimatupang,0.0,0
tt_sudirman,tt_thamrin,0.09124448895454407,1
tt_tangerang,tt_bekasi,0.07602684199810028,0
tt_tangerang,tt_bogor,0.0,0
tt_tangerang,tt_bsd,0.0,1
tt_tangerang,tt_cawang,0.0,0
tt_tangerang,tt_depok,0.0,0
tt_tangerang,tt_gatsu,0.06429887562990189,0
tt_tangerang,tt_grogol,0.0,1
tt_tangerang,tt_kebonjeruk,0.0,1
tt_tangerang,tt_kelapagading,0.052281320095062256,0
tt_tangerang,tt_kuningan,0.0,0
tt_tangerang,tt_sudirman,9.081709322344977e-06,0
tt_tangerang,tt_tbsimatupang,0.1443673074245453,0
tt_tangerang,tt_thamrin,0.0,0
tt_tbsimatupang,tt_bekasi,0.0,0
tt_tbsimatupang,tt_bogor,0.0,1
tt_tbsimatupang,tt_bsd,0.0,1
tt_tbsimatupang,tt_cawang,0.0,1
tt_tbsimatupang,tt_depok,0.0,1
tt_tbsimatupang,tt_gatsu,0.0,1
tt_tbsimatupang,tt_grogol,0.0,0
tt_tbsimatupang,tt_kebonjeruk,0.0,0
tt_tbsimatupang,tt_kelapagading,0.0,0
tt_tbsimatupang,tt_kuningan,0.0,1
tt_tbsimatupang,tt_sudirman,0.0,0
tt_tbsimatupang,tt_tangerang,0.14436732232570648,0
tt_tbsimatupang,tt_thamrin,0.0,0
tt_thamrin,tt_bekasi,0.06394549459218979,0
tt_thamrin,tt_bogor,0.0,0
tt_thamrin,tt_bsd,0.09526824951171875,0
tt_thamrin,tt_cawang,0.09987152367830276,0
tt_thamrin,tt_depok,0.10435660928487778,0
tt_thamrin,tt_gatsu,0.0441611148416996,0
tt_thamrin,tt_grogol,0.07055138796567917,1
tt_thamrin,tt_kebonjeruk,0.09818445891141891,1
tt_thamrin,tt_kelapagading,0.0,1
tt_thamrin,tt_kuningan,0.05862810090184212,1
tt_thamrin,tt_sudirman,0.09124448150396347,1
tt_thamrin,tt_tangerang,0.0,0
tt_thamrin,tt_tbsimatupang,0.0,0
