horizon,model,evaluated_points,MAE,RMSE
1,Naive Persistence,672,3.825892857142857,7.428328178251788
1,Historical Average,672,2.5370818335104053,4.484866847546359
1,GRU,672,3.3625128563988094,5.525672797453499
3,Naive Persistence,672,5.291666666666667,9.570229135934296
3,Historical Average,672,2.541122584426156,4.483603665893081
3,GRU,672,3.5400657507440476,5.842322175535456
6,Naive Persistence,672,7.303571428571429,11.39052446637325
6,Historical Average,672,2.544562918893276,4.5974219796954
6,GRU,672,3.510112305059524,5.845691719691962
